Index;Global Minimal;Best Fitness run; Worst Fitness run; Mean Fitness run; Median Fitness run; STD Fitness run; SucessRate
1;100;0.00000001;0.00000006;0.00000002;0.00000001;0.00000002;0.80000000
2;200;0.74980488;14559.56145285;4560.99842206;1656.65236745;6062.86295944;0.00000000
6;600;0.00000001;1.50000000;0.30000001;0.00000001;0.67082039;0.80000000
7;700;0.00000001;0.00000001;0.00000001;0.00000001;0.00000000;1.00000000
9;900;0.00000001;0.00000001;0.00000001;0.00000001;0.00000000;1.00000000
14;1400;0.43867707;0.49999168;0.47347913;0.48656506;0.02618230;0.00000000
