Index;Global Minimal;Best Fitness run; Worst Fitness run; Mean Fitness run; Median Fitness run; STD Fitness run; SucessRate
1;100;0.00000000;0.00000001;0.00000001;0.00000001;0.00000000;1.00000000
2;200;0.00000000;0.00000001;0.00000001;0.00000001;0.00000000;1.00000000
6;600;0.00000000;1.57635182;0.10024189;0.00000001;0.36768720;0.92156863
7;700;0.00000000;0.00000001;0.00000001;0.00000001;0.00000000;1.00000000
9;900;0.00000000;97.50552783;3.45307094;0.00000001;16.84070657;0.84313725
14;1400;0.20194756;0.49299520;0.40642894;0.43116979;0.07813059;0.00000000
